Bezeichner	Straße	PLZ	Ort	Voraussichtliche Inbetriebnahme
Grundschule Ladelung-Achtrup	Schulstr. 3	25917	Achtrup	2020 Q3
Arnesboken-Schule	Gartenweg 8 a	23623	Ahrensbök	Termin noch offen
Grundschule Am Aalfang	Ahrensfelder Weg 43	22926	Ahrensburg	18.06.2019
Grundschule Am Hagen	Dänenweg 13	22926	Ahrensburg	15.08.2019
Fritz-Reuter-Schule	Fritz-Reuter-Straße 51 - 53	22926	Ahrensburg	in Planung
Berufliche Schule des Kreises Stormarn in Ahrensburg	Hermann-Löns-Straße 38	22926	Ahrensburg	27.02.2020
Eric-Kandel-Gymnasium 	Reesenbüttler Redder 4 - 10	22926	Ahrensburg	02.07.2019
Gemeinschaftsschule Am Heimgarten	Reesenbüttler Redder 4 - 10	22926	Ahrensburg	02.07.2019
Grundschule Am Reesenbüttel	Schimmelmannstraße 46	22926	Ahrensburg	13.06.2019
Woldenhorn-Schule	Schulstraße 13	22926	Ahrensburg	27.02.2020
Grundschule Am Schloß	Schulstraße 4	22926	Ahrensburg	27.02.2020
Stormarnschule	Waldstraße 14	22926	Ahrensburg	10.07.2019
Selma-Lagerlöf-Gemeinschaftsschule 	Wulfsdorfer Weg 71	22926	Ahrensburg	13.06.2019
Gemeinschaftsschule am Brutkamp	Brutkamp 14	25767	Albersdorf	2020 Q1
Wulf-Isebrand-Schule	Wulf-Isebrand-Straße 2	25767	Albersdorf	2020 Q1
Förderzentrum Süderdithmarschen 	Wulf-Isebrand-Straße 2 a	25767	Albersdorf	2020 Q1
Grundschule Alt Duvenstedt	Dorfstraße 13	24791	Alt Duvenstedt	2020 Q3
Pestalozzischule	Kiekut 11	24340	Altenhof	Derzeit keine wirtschaftliche Realisierung möglich
Claus-Rixen-Schule	Danziger Straße 18 a	24161	Altenholz	02.07.2018
Gymnasium Altenholz	Danziger Straße 18 a	24161	Altenholz	02.07.2018
Gemeinschaftsschule Altenholz	Danziger Straße 18 c	24161	Altenholz	02.07.2018
Claus-Rixen-Schule	Klausdorfer Straße 72 - 74	24161	Altenholz	20.02.2018
Helene-Dieckmann-Schule	Klausdorfer Straße 74	24161	Altenholz	20.02.2018
Grundschule Alveslohe	Bahnhofstraße 4	25486	Alveslohe	in Planung
Grundschule Bünningstedt	Steenhoop 32	22949	Ammersbek	Termin noch offen
Grundschule Hoisbüttel	Teichweg 27	22949	Ammersbek	2020 Q3
Heideweg-Schule	Heideweg 1 a	25482	Appen	2020 Q4
Grundschule Appen	Schulstraße 4	25482	Appen	2020 Q4
Schule Vogelsang	Vogelsang 12	24326	Ascheberg (Holstein)	2020 Q3
Grundschule Hüttener Berge	Schulberg	24358	Ascheffel	31.07.2018
Aukrugschule	Ziegeleiweg 15	24613	Aukrug	2020 Q3
Fürstin-Ann-Mari-von-Bismarck-Schule	Ernst-Anton-Straße 27	21521	Aumühle	2020 Q3
Grundschule Am Bahnhof	Am Bahnhof 16	24576	Bad Bramstedt	20.06.2019
Jürgen-Fuhlendorf-Schule	Düsternhoop 48	24576	Bad Bramstedt	18.07.2019
Grundschule am Storchennest	Hoffeldweg 1 b	24576	Bad Bramstedt	20.06.2019
Bramau-Schule	Maienbeeck 11	24576	Bad Bramstedt	2021 Q4
Grundschule Maienbeeck	Maienbeeck 11	24576	Bad Bramstedt	2021 Q4
Gemeinschaftsschule Auenland	Schäferberg 28	24576	Bad Bramstedt	2021 Q4
Schule am Kurpark	Am Kurpark 16	23843	Bad Oldesloe	in Planung
Berufliche Schule des Kreises Stormarn in Bad Oldesloe	Am Stadion 11	23843	Bad Oldesloe	18.06.2019
Theodor-Mommsen-Schule	Hamburger Straße 42	23843	Bad Oldesloe	14.01.2020
Grundschule West	Helene-Stöcker-Straße 2	23843	Bad Oldesloe	20.11.2019
Klaus-Groth-Schule	Königsberger Straße 1	23843	Bad Oldesloe	17.07.2019
Schule am Masurenweg	Masurenweg 22	23843	Bad Oldesloe	20.11.2019
Schulamt Kreis Stormarn	Mommsenstrasse 13	23843	Bad Oldesloe	2020 Q2
Theodor-Storm-Schule	Olivet-Allee 15	23843	Bad Oldesloe	14.06.2018
Ida-Ehre-Schule	Olivet-Allee 4 - 6	23843	Bad Oldesloe	14.06.2018
Stadtschule	Salinenstraße 20	23843	Bad Oldesloe	2020 Q2
Berufliche Schule des Kreises Stormarn in Bad Oldesloe	Schanzenberg 2 a	23843	Bad Oldesloe	16.05.2019
Schule am Hochkamp 	Am Hochkamp	23611	Bad Schwartau	14.11.2018
Schule am Papenmoor 	Am Kirchhof 10	23611	Bad Schwartau	14.11.2018
Grundschule Cleverbrück	Cleverhofer Weg 118	23611	Bad Schwartau	24.10.2018
Leibniz-Gymnasium	Lübecker Straße 75	23611	Bad Schwartau	24.10.2018
Berufliche Schule	Ludwig-Jahn-Str. 15	23611	Bad Schwartau	27.11.2018
Gymnasium am Mühlenberg	Ludwig-Jahn-Straße 13	23611	Bad Schwartau	27.11.2018
Grundschule Bad Schwartau	Mittelstrasse 16	23611	Bad Schwartau	24.10.2018
Elisabeth-Selbert-Gemeinschaftsschule	Schulstraße 8	23611	Bad Schwartau	16.10.2018
Dahlmannschule	Am Markt 4	23795	Bad Segeberg	04.07.2019
Schulamt Kreis Segeberg	Burgfelderstr. 41a	23795	Bad Segeberg	24.05.2018
Trave-Schule	Burgfeldstraße 104	23795	Bad Segeberg	17.07.2018
Schule am Burgfeld	Falkenburger Str. 94 a	23795	Bad Segeberg	28.08.2018
Franz-Claudius-Schule	Falkenburger Straße 94	23795	Bad Segeberg	28.08.2018
Berufsbildungszentrum Bad Segeberg	Hamburger Straße 109	23795	Bad Segeberg	09.06.2019
Berufsbildungszentrum Bad Segeberg	Hamburger Straße 115	23795	Bad Segeberg	20.11.2019
Städtisches Gymnasium Segeberg	Hamburger Straße 29 a	23795	Bad Segeberg	17.07.2018
Schule am Kastanienweg	Kastanienweg 2	23795	Bad Segeberg	11.10.2018
Heinrich-Rantzau-Schule	Schillerstraße 17	23795	Bad Segeberg	17.07.2018
Gemeinschaftsschule am Seminarweg	Seminarweg 5	23795	Bad Segeberg	04.07.2019
Theodor-Storm-Schule	Theodor-Storm-Straße 18 a	23795	Bad Segeberg	04.04.2019
Berufsbildungszentrum Bad Segeberg	Theodor-Storm-Straße 9 - 11	23795	Bad Segeberg	20.02.2018
Grundschule Bargenstedt-Schafstedt	Klintweg 7	25704	Bargenstedt	2023 Q4
Grundschule Alte Alster	Schulstraße 10	23863	Bargfeld-Stegen	in Planung
Grundschule Nortorf	Dorfstr. 23	24793	Bargstedt	Derzeit keine wirtschaftliche Realisierung möglich
Albert-Schweitzer-Schule 	Alte Landstraße 55	22941	Bargteheide	2020 Q4
Johannes-Gutenberg-Schule	Alte Landstraße 79	22941	Bargteheide	2020 Q4
Kopernikus Gymnasium 	Am Schulzentrum 1	22941	Bargteheide	2020 Q4
Dietrich-Bonhoeffer-Schule	Am Schulzentrum 11	22941	Bargteheide	2020 Q4
Emil-Nolde-Schule	Am Schulzentrum 11 a	22941	Bargteheide	2020 Q4
Gymnasium Eckhorst	Eckhorst	22941	Bargteheide	2020 Q4
Anne-Frank-Schule Bargteheide	Emil-Nolde-Straße 9	22941	Bargteheide	2020 Q4
Carl-Orff-Schule	Segeberger Straße 1	22941	Bargteheide	2020 Q4
Grundschule Barkelsby	Dorfstraße 13	24360	Barkelsby	in Planung
Carl-Friedrich-von-Weizsäcker-Gymnasium	Ede-Menzler-Weg 6	25355	Barmstedt	04.09.2019
Albert-Schweitzer-Schule	Heederbrook 10	25355	Barmstedt	04.09.2019
James-Krüss-Schule	Heederbrook 10 a	25355	Barmstedt	04.09.2019
Gottfried-Semper-Schule	Schulstraße 5	25355	Barmstedt	04.09.2019
Grundschule Barsbüttel	Soltausredder 18	22885	Barsbüttel	05.11.2019
Erich Kästner Gemeinschaftsschule Barsbüttel mit Oberstufe	Soltausredder 28	22885	Barsbüttel	05.11.2019
Grundschule Willinghusen	Stemwarder Landstraße 4	22885	Barsbüttel	in Planung
Grundschule Stapelholm	Hersbarg 2	24861	Bergenhusen	2021 Q1
Grund- und Gemeinschaftsschule Stecknitz	Berliner Straße 20	23919	Berkenthin	2020 Q1
Regionales Berufsbildungszentrum des Kreises Plön	Futterkamp-Siedlung	24327	Blekendorf	Potenziell Glasfaser möglich - Glasfaserausbau durch regionalen Partner in Planung
Ostseeschule	Radeberg 20	24327	Blekendorf	2020 Q2
James-Krüss-Schule	Hauptstraße 87	25335	Bokholt-Hanredder	23.07.2019
Auenwaldschule Grundschule	Stolker Straße 4	24860	Böklund	22.02.2018
Auenwaldschule	Stolker Straße 4	24860	Böklund	22.02.2018
Grundschule Bönebüttel	Plöner Chaussee 103	24620	Bönebüttel	2020 Q3
Gemeinschaftschule Rugenbergen	Ellerbeker Straße 25	25474	Bönningstedt	12.11.2019
Grundschule Bönningstedt	Kieler Straße 118	25474	Bönningstedt	12.11.2019
Grund- und Gemeinschaftsschule Boostedt	Twiete 46	24598	Boostedt	13.06.2019
Grundschule Bordelum	An der Schule 2	25852	Bordelum	05.06.2018
Hans-Brueggemann-Schule	Langenheisch 27 - 29	24582	Bordesholm	2020 Q2
Lindenschule	Schulstrasse 4 - 6	24582	Bordesholm	2020 Q2
Grundschule Borgstedt	Rendsburger Straße 51	24794	Borgstedt	26.02.2020
Sventana-Schule	Jahnweg 6	24619	Bornhöved	2020 Q4
Dalbek-Schule	Hamfelderedder 17	21039	Börnsen	2020 Q3
Grundschule Borstel-Hohenraden	Quickborner Straße 99	25494	Borstel-Hohenraden	2020 Q3
Heinrich-Harms-Schule	Roggenkamp 1	23715	Bosau	2021 Q1
Grundschule Hörnerkirchen	Schulweg 3	25364	Brande-Hörnerkirchen	2020 Q2
Grundschule Bredenbek	Wakendorfer Weg 2	24796	Bredenbek	2020 Q2
Grundschule Breklum-Bredstedt-Bordelum	Gartenstraße 15	25821	Bredstedt	01.08.2018
Gemeinschaftsschule mit Förderzentrum 	Süderstraße 79	25821	Bredstedt	26.06.2018
Berufliche Schule des Kreises Nordfriesland in Husum	Theodor-Storm-Straße 2	25821	Bredstedt	05.06.2018
Grundschule Breitenfelde	Schulstraße 17	23881	Breitenfelde	2020 Q3
Grundschule am Osterbach	Kirchenstraße 20	25821	Breklum	26.06.2018
Grundschule Hennstedt und Brokstedt 	Schulstraße 11	24616	Brokstedt	Derzeit keine wirtschaftliche Realisierung möglich
Landschule an der Eider	Oberdorf 17	24582	Brügge	2020 Q3
Gymnasium Brunsbüttel	Kopernikusstraße 1	25541	Brunsbüttel	2020 Q2
Förderzentrum Dithmarschen-Süd	Kopernikusstraße 5-7	25541	Brunsbüttel	2020 Q2
Gemeinschaftsschule der Stadt Brunsbüttel	Kopernikusstraße 5-7	25541	Brunsbüttel	2020 Q2
Grundschule Brunsbüttel-West	Sackstraße 14	25541	Brunsbüttel	21.11.2019
Boy-Lornsen-Grundschule Brunsbüttel	Schulstraße 2 - 4	25541	Brunsbüttel	21.11.2019
Friedegart-Belusa-Gemeinschaftsschule 	Schulweg 1	21514	Büchen	2020 Q4
Schule am Steinautal	Schulweg 1	21514	Büchen	2020 Q4
Grundschule am Klev	Hopfenhof 9	25712	Buchholz	2021 Q4
Heinrich-Heine-Schule	Neue Dorfstr. 67	24782	Büdelsdorf	09.11.2017
Astrid-Lindgren-Schule	Neue Dorfstraße 110	24782	Büdelsdorf	16.08.2017
Wulf-Isebrand-Schule	Schulstraße 10	25767	Bunsoh	2023 Q4
Gemeinschaftsschule am Hamberg	Am Sportplatz 21	25712	Burg (Dithmarschen)	2021 Q4
Grundschule Burg	Bahnhofstraße 33	25712	Burg (Dithmarschen)	2021 Q4
Grundschule Haddeby	Schulstraße 19	24866	Busdorf	2020 Q3
Schule am Meer Büsum	Neuer Weg 4	25761	Büsum	15.01.2019
Schule am Meer Büsum	Otto-Johannsen-Straße 17	25761	Büsum	15.01.2019
Helen-Keller-Schule	Passatring 4	24351	Damp	03.05.2018
Grundschule Dänischenhagen	Schulstraße 13	24229	Dänischenhagen	12.01.2018
Grundschule des Schulverbandes Blekendorf in Blekendorf	Hauptstraße 7	24329	Dannau	Derzeit keine wirtschaftliche Realisierung möglich
Alfried-Otto-Schule	Bornweg 18	21521	Dassendorf	in Planung
Eiderschule	Schulstraße 18	25786	Dellstedt	2023 Q4
Lüttschool Drelsdorf-Joldelund	Karkenweg 22	25853	Drelsdorf	Potenziell Glasfaser möglich - Glasfaserausbau durch regionalen Partner in Planung
Richard-Vosgerau-Schule	Bergstraße 26	24340	Eckernförde	05.10.2017
Fritz-Reuter-Schule	Breslauer Straße 12 - 14	24340	Eckernförde	10.10.2017
Berufsbildungszentrum Rendsburg-Eckernförde	Fischerkoppel 8	24340	Eckernförde	10.10.2017
Gudewerdt Gemeinschaftsschule 	Pferdemarkt 66	24340	Eckernförde	17.10.2017
Pestalozzischule	Reeperbahn 50	24340	Eckernförde	17.10.2017
Jungmannschule	Sauerstraße 16	24340	Eckernförde	20.10.2017
Peter-Ustinov-Schule	Sauerstraße 16	24340	Eckernförde	20.10.2017
Schule am Noor	Stolbergring 20 - 22	24340	Eckernförde	15.12.2017
Sprottenschule	Wulfsteert 41-43	24340	Eckernförde	05.10.2017
Grundschule am Klev	Schulstraße 20	25715	Eddelak	2023 Q4
Eichenbachschule	Hauptstraße 34	24852	Eggebek	2021 Q1
Grundschule Ellerau	Dorfstraße 51	25479	Ellerau	12.11.2019
Hermann-Löns-Schule	Rugenbergener Mühlenweg	25474	Ellerbek	2021 Q1
Gottfried-Semper-Schule	Dorfstraße 5	25373	Ellerhoop	21.11.2019
Berufliche Schule des Kreises Pinneberg in Elmshorn	Thiensen 16	25363	Ellerhoop	2020 Q4
Grundschule Kaltenweide	Amandastraße 42	25335	Elmshorn	22.01.2019
Anne-Frank-Gemeinschaftsschule	Binsenweg 1	25337	Elmshorn	19.11.2018
Bismarckschule Elmshorn	Bismarckstraße 2	25335	Elmshorn	19.11.2018
Paul-Dohrmann-Schule	Dohrmannweg 4	25337	Elmshorn	13.01.2020
Grundschule Hafenstraße	Hafenstraße 1 - 3	25336	Elmshorn	01.04.2019
Erich Kästner Gemeinschaftsschule mit Oberstufe	Hainholzer Damm 15	25337	Elmshorn	13.12.2018
Grundschule Hainholz	Hainholzer Schulstraße 41	25337	Elmshorn	13.12.2018
Friedrich-Ebert-Schule	Jahnstraße 14	25335	Elmshorn	2020 Q1
Astrid-Lindgren-Schule	Köllner Chaussee 10 b	25337	Elmshorn	19.11.2018
Boje-C.-Steffen-Gemeinschaftsschule	Koppeldamm 50	25335	Elmshorn	19.11.2018
Berufliche Schule des Kreises Pinneberg in Elmshorn	Langelohe 4	25337	Elmshorn	19.11.2018
Timm-Kröger-Schule Elmshorn	Mommsenstraße 27	25336	Elmshorn	2020 Q1
Raboisenschule	Raboisenstraße 43	25336	Elmshorn	12.11.2019
Erich Kästner Gemeinschaftsschule mit Oberstufe	Ramskamp	25337	Elmshorn	19.11.2018
Berufliche Schule des Kreises Pinneberg in Elmshorn	Ramskamp 8	25337	Elmshorn	13.12.2018
Elsa-Brändström-Schule	Zum Krückaupark 7	25337	Elmshorn	19.11.2018
Grundschule Elpersbüttel-Barlt	Donnstraße 1	25704	Elpersbüttel	14.05.2019
Grundschule Groß Vollstedt	Emkendorfer Straße 105	24802	Emkendorf	in Planung
Grundschule an der Linde Leck/ Enge-Sande	Schulstraße	25917	Enge-Sande	Derzeit keine wirtschaftliche Realisierung möglich
Geestlandschule	Am Sportplatz 4	24803	Erfde	08.01.2019
Grundschule Stapelholm	Am Sportplatz 4	24803	Erfde	08.01.2019
Grüppental-Schule	Am Soll 1	21039	Escheburg	2020 Q2
Gustav-Peters-Schule (AS Fissau)	Auestraße 11	23701	Eutin	30.08.2019
Albert-Mahlstedt-Schule 	Bahnhofstraße 7 a	23701	Eutin	25.02.2019
Johann-Heinrich-Voss-Schule	Bismarckstraße 14	23701	Eutin	29.05.2019
Gustav-Peters-Schule	Blaue Lehmkuhle	23701	Eutin	04.04.2019
Wilhelm-Wisser-Schule	Elisabethstraße 59	23701	Eutin	16.05.2019
Berufliche Schule des Kreises Ostholstein in Eutin	Holstenweg 13	23701	Eutin	05.02.2019
Schulamt Kreis Ostholstein	Lübecker Strasse 41	23701	Eutin	13.03.2018
Kreis Ostholstein	Lübecker Strasse 41	23701	Eutin	13.03.2018
Gustav-Peters-Schule	Lübsche Koppel 5a	23701	Eutin	16.05.2019
Carl-Maria-von-Weber-Schule	Plöner Straße 15	23701	Eutin	28.05.2019
Berufliche Schule des Kreises Ostholstein in Eutin	Wilhelmstraße 6	23701	Eutin	05.02.2019
Grundschule Fahrdorf	Dorfstraße 97	24857	Fahrdorf	16.01.2019
Grundschule Fahrenkrug	Segeberger Straße 7	23795	Fahrenkrug	Termin noch offen
Grundschule Landkirchen auf Fehmarn	Hauptstraße/Landkirchen 21	23769	Fehmarn	Derzeit keine wirtschaftliche Realisierung möglich
Inselschule Fehmarn	Kantstraße 1	23769	Fehmarn	2020 Q1
Grundschule Fehmarn in Burg	Mühlenstraße 2 - 4	23769	Fehmarn	2020 Q1
Grundschule Felde	Dorfstraße 93	24242	Felde	2020 Q2
Grundschule Osdorf / Noer / Felm	Dorfstraße 56	24244	Felm	30.04.2019
Grundschule Fleckeby	Am Holm 2	24357	Fleckeby	Termin noch offen
RBZ HLA 	Am Schloßwall 3	24939	Flensburg	15.02.2018
Regionales Berufsbildungszentrum Flensburg 	Apenrader Str. 164	24941	Flensburg	31.05.2018
RBZ HLA 	Apenrader Str. 164	24939	Flensburg	31.05.2018
Grundschule Flensburg-Weiche  	Bahnstraße 20	24941	Flensburg	04.10.2017
Grundschule Ramsharde	Bauer Landstraße 37/ 39	24939	Flensburg	in Planung
Goethe-Schule	Bismarckstraße 41	24943	Flensburg	31.05.2018
Grundschule Fruerlund	Bohlberg 56 - 58	24943	Flensburg	09.10.2018
Grundschule Engelsby	Brahmsstraße 2 - 4	24943	Flensburg	09.10.2018
Comenius-Schule	Drosselweg 12	24939	Flensburg	31.05.2018
Fördegymnasium	Elbestraße 10	24943	Flensburg	13.02.2018
Max von der Grün-Schule	Elbestraße 10	24943	Flensburg	13.02.2018
Fridtjof-Nansen-Schule	Elbestraße 20	24943	Flensburg	13.02.2018
Friholtschule 	Elbestraße 8	24943	Flensburg	13.02.2018
Falkenbergschule	Emil-Nolde-Straße 31	24937	Flensburg	04.09.2018
Regionales Berufsbildungszentrum Flensburg 	Friesische Lücke 15	24937	Flensburg	02.11.2017
Regionales Berufsbildungszentrum Flensburg 	Friesische Lücke 17	24937	Flensburg	02.11.2017
Gemeinschaftsschule Flensburg-West	Friesische Lücke 7	24937	Flensburg	02.11.2017
Hohlwegschule	Glücksburger Straße 38 a	24943	Flensburg	03.04.2018
Schule auf der Rude	Lundweg 30	24941	Flensburg	15.02.2018
RBZ HLA 	Marienallee 5	24937	Flensburg	09.10.2018
Grundschule Friedheim	Marrenshof 1	24944	Flensburg	13.02.2018
Käte-Lassen-Schule	Mommsenstraße 45	24943	Flensburg	29.03.2018
Schulpsychologischer Dienst Stadt Flensburg	Norderstr. 58-60	24937	Flensburg	23.10.2017
Schulamt Stadt Flensburg	Rathausplatz 1	24937	Flensburg	28.03.2018
Kurt-Tucholsky-Schule	Richard-Wagner-Straße 41	24943	Flensburg	04.09.2018
Grundschule Adelby	Ringstraße 1 - 3	24943	Flensburg	04.09.2018
Paulus-Paulsen Schule	Schulze-Delitzsch-Str. 2	24943	Flensburg	15.02.2018
Regionales Berufsbildungszentrum Flensburg 	Schützenkuhle 20-24	24937	Flensburg	13.12.2017
Altes Gymnasium	Selckstraße 1	24937	Flensburg	28.03.2017
Auguste-Viktoria-Schule	Südergraben 34	24937	Flensburg	28.03.2017
Paulus-Paulsen-Schule	Waitzstr. 16	24937	Flensburg	04.09.2018
Waldschule	Waldstraße 44	24939	Flensburg	13.02.2018
Schule am Eiderwald	Brückenstraße 24	24220	Flintbek	25.02.2020
Bergschule	Friedhofsweg 3	24787	Fockbek	2020 Q2
Marschenschool	Altfelder Weg 9	25718	Friedrichskoog	2020 Q4
Schule an der Treene	Ostdeutsche Straße 3	25840	Friedrichstadt	Potenziell Glasfaser möglich - Glasfaserausbau durch regionalen Partner in Planung
Eider-Treene-Schule	Schleswiger Strasse 29	25840	Friedrichstadt	2021 Q2
Theodor-Mommsen-Schule Garding 	Marienstraße 14	25836	Garding	2022 Q4
Buntenskampschule	Buntenskamp 22	21502	Geesthacht	2020 Q1
Hachede-Schule	Dialogweg 2	21502	Geesthacht	2020 Q2
Bertha-von-Suttner-Schule	Dösselbuschberg 40	21502	Geesthacht	2020 Q2
Förderschule Geesthacht	Neuer Krug 33 - 35	21502	Geesthacht	2020 Q1
Alfred-Nobel-Schule	Neuer Krug 37 - 39	21502	Geesthacht	2020 Q1
Otto-Hahn-Gymnasium	Neuer Krug 5	21502	Geesthacht	2020 Q1
Waldschule	Otto-Hahn-Straße 5	21502	Geesthacht	2020 Q4
Grundschule in der Oberstadt	Schulweg 3	21502	Geesthacht	2020 Q3
Grundschule Silberberg	Silberberg 6	21502	Geesthacht	2020 Q3
Georg-Asmussen-Schule 	Norderholm 38	24395	Gelting	Termin noch offen
Isarnwohld-Schule Gettorf	Süderstraße 74	24214	Gettorf	11.01.2018
Parkschule Gettorf	Tüttendorfer Weg	24214	Gettorf	11.01.2018
Grundschule Lütjenburg	Seekrug	24321	Giekau	Derzeit keine wirtschaftliche Realisierung möglich
Arnesboken-Schule	Schulstraße 19	23719	Glasau	2020 Q3
Gemeinschaftsschule mit Oberstufe Wiesenfeld 	Holstenkamp 29	21509	Glinde	Termin noch offen
Grundschule Wiesenfeld	Holstenkamp 29	21509	Glinde	Termin noch offen
Wilhelm-Busch-Schule	Holstenkamp 29	21509	Glinde	Termin noch offen
Gymnasium Glinde	Oher Weg 24	21509	Glinde	19.02.2019
Sönke-Nissen-Gemeinschaftsschule 	Oher Weg 24	21509	Glinde	19.02.2019
Grundschule Tannenweg	Tannenweg 10	21509	Glinde	14.03.2019
Grundschule Glücksburg	Schulweg 1	24960	Glücksburg (Ostsee)	17.04.2018
Bürgerschule	Carl-Legien-Straße 1	25348	Glückstadt	23.04.2019
Detlefsengymnasium 	Dänenkamp 5	25348	Glückstadt	09.04.2019
Elbschule Glückstadt	Königsbergerstraße 6	25348	Glückstadt	23.04.2019
Grundschule Göhl	Edisonstr. 5	23758	Göhl	2021 Q1
Grundschule Oldenburg-Land	Bankendorfer Weg 10	23758	Gremersdorf	Potenziell Glasfaser möglich - Glasfaserausbau durch regionalen Partner in Planung
Gorch-Fock-Schule	Habertwedt 6	24376	Grödersby	Termin noch offen
Grundschule Grömitz	Christian-Westphal-Straße	23743	Grömitz	2020 Q1
Gemeinschaftsschule Grömitz	Gildestraße 12	23743	Grömitz	2020 Q1
Grundschule Grönwohld	Bahnhofstraße 3	22956	Grönwohld	2021 Q1
Waldschule Groß Grönau	Tannenredder 2	23627	Groß Grönau	2020 Q2
Grundschule Groß Kummerfeld	Schulstraße 2	24626	Groß Kummerfeld	2020 Q3
Grundschule Groß Vollstedt	Am Sportplatz 3	24802	Groß Vollstedt	2020 Q3
Schule am See	Dorfstraße 48	24361	Groß Wittensee	17.05.2018
Grundschule Großenaspe	Heidmühler Weg 14	24623	Großenaspe	2020 Q3
Grundschule Großenbrode	Am Süderfeld 2	23775	Großenbrode	Derzeit keine wirtschaftliche Realisierung möglich
Grundschule Großenwiehe	Hauptstraße 23 a	24969	Großenwiehe	2020 Q2
Emil-von-Behring-Gymnasium	Sieker Landstraße 203	22927	Großhansdorf	27.08.2019
Friedrich-Junge-Schule	Sieker Landstraße 203	22927	Großhansdorf	27.08.2019
Grundschule Schmalenbeck	Sieker Landstraße 203 b	22927	Großhansdorf	27.08.2019
Grundschule Wöhrendamm	Wöhrendamm 59	22927	Großhansdorf	10.07.2019
Schule im Grünen	Zur Schule 3	24991	Großsolt	24.07.2018
Grundschule Grube	Wenddorf 17	23749	Grube	Potenziell Glasfaser möglich - Glasfaserausbau durch regionalen Partner in Planung
Grund- und Gemeinschaftsschule Hallig Hooge	Schulwarft	25859	Hallig Hooge	2021 Q1
Eugen-Träger-Schule	Kirchwarf 1	25863	Hallig Langeneß	in Planung
Wolfgang-Borchert-Gymnasium	Bickbargen 111	25469	Halstenbek	21.11.2019
Grundschule Bickbargen	Bickbargen 115	25469	Halstenbek	03.09.2019
Grund- und Gemeinschaftsschule an der Bek	Hartkirchener Chaussee 8	25469	Halstenbek	01.04.2019
Grundschule Hamberge	Schulstraße 10	23619	Hamberge	Derzeit keine wirtschaftliche Realisierung möglich
Grundschule Hamdorf	Dorfstraße 8	24805	Hamdorf	2020 Q2
Siegfried-Lenz-Schule 	Alter Kirchenweg 38	24983	Handewitt	23.10.2017
Siegfried-Lenz-Schule 	Jarplunder Weg 14	24976	Handewitt	2020 Q2
Siegfried-Lenz-Schule 	Schulstraße 16	24983	Handewitt	13.12.2017
Theodor-Storm-Dörfergemeinschaftsschule	Hafenstraße 20	25557	Hanerau-Hademarschen	2020 Q2
Berufsbildungszentrum am Nord-Ostsee-Kanal	Mannhardtstraße 3	25557	Hanerau-Hademarschen	2020 Q2
Zentralschule Harrislee	Alt Frösleer Weg 39	24955	Harrislee	13.12.2017
Grundschule Hartenholm	Moorweg 1	24628	Hartenholm	2020 Q3
Grundschule Haseldorfer Marsch	Kamperrege 1	25489	Haseldorf	2020 Q4
Grundschule Haselund	Schulstr. 28	25855	Haselund	2020 Q3
Peter-Lunding-Schule 	Schulstraße 21	25474	Hasloh	14.02.2019
Grundschule Kieholm	Raiffeisenstraße 14	24376	Hasselberg	Termin noch offen
Jens-Iwersen-Schule	Nordseestraße	25856	Hattstedt	2022 Q4
St.-Georg-Schule	Bürgermeister-Vehrs-Straße 13 - 15	25746	Heide	28.11.2018
Gymnasium Heide-Ost	Friedrich-Elvers-Straße	25746	Heide	07.06.2019
Friedrich-Elvers-Schule	Friedrich-Elvers-Straße 14	25746	Heide	11.07.2019
Gemeinschaftsschule Heide-Ost	Friedrich-Elvers-Straße 7	25746	Heide	07.06.2019
Klaus-Groth-Schule	Klaus-Groth-Straße 18 - 20	25746	Heide	12.06.2019
Klaus-Groth-Schule	Loher Weg	25746	Heide	12.02.2019
Grundschule Lüttenheid	Lüttenheid 32	25746	Heide	12.02.2019
Werner-Heisenberg-Gymnasium	Rosenstraße 41	25746	Heide	15.01.2019
Schulamt Kreis Dithmarschen	Stettiner Str. 30	25746	Heide	25.09.2019
Schulen am Moor	Süderholmer Straße 65	25746	Heide	2023 Q4
Regionales BerufsBildungsZentrum Dithmarschen	Waldschlößchenstraße 48 - 52	25746	Heide	12.06.2019
Grundschule Heidgraben	Schulstraße	25436	Heidgraben	28.10.2019
Grund-und Gemeinschaftsschule Heikendorf	Neuheikendorfer Weg 12	24226	Heikendorf	10.09.2019
Heinrich-Heine-Schule	Schulredder 7 - 9	24226	Heikendorf	10.09.2019
Theodor-Storm-Schule	Friedrich-Ebert-Straße 37	23774	Heiligenhafen	06.07.2018
Warderschule	Sundweg 100	23774	Heiligenhafen	Derzeit keine wirtschaftliche Realisierung möglich
Julianka-Schule	Julianka 14	25524	Heiligenstedten	2020 Q1
Grundschule Heist	Hauptstraße 53	25492	Heist	2020 Q1
James-Krüss-Schule	Schulstraße 649	27498	Helgoland	2020 Q4
Grundschule Hemdingen	Steindamm 2	25485	Hemdingen	23.07.2019
Grundschulen Hemmingstedt	Bahnhofstraße 47	25770	Hemmingstedt	2023 Q4
Friedrich-Elvers-Schule	Schulstraße 29 - 31	25779	Hennstedt (Dithmarschen)	2023 Q4
Grundschule Hennstedt	Schulstraße 29 - 31	25779	Hennstedt (Dithmarschen)	2023 Q4
Eider-Nordsee-Schule	Schulstraße 29 - 31	25779	Hennstedt (Dithmarschen)	2023 Q4
Grundschule Hennstedt und Brokstedt 	Schulstraße 17	25581	Hennstedt (Steinburg)	2020 Q3
Grundschule Lütte School	Abschiedskoppel 6	24558	Henstedt-Ulzburg	12.03.2019
Förderzentrum Henstedt-Ulzburg	Beckersbergstraße 95	24558	Henstedt-Ulzburg	01.02.2019
Olzeborchschule	Beckersbergstrasse 95	24558	Henstedt-Ulzburg	01.02.2019
Alstergymnasium	Maurepasstraße 67	24558	Henstedt-Ulzburg	12.03.2019
Gemeinschaftsschule Rhen	Schäferkampsweg 34	24558	Henstedt-Ulzburg	28.11.2019
Grundschule Ulzburg	Schulstraße 9	24558	Henstedt-Ulzburg	26.02.2019
Grundschule Rhen	Theodor-Storm-Straße 20	24558	Henstedt-Ulzburg	01.02.2019
Schule am Deich	Hinterstraße 3	25379	Herzhorn	in Planung
Grundschule Haseldorfer Marsch	Hauptstraße 65 a	25491	Hetlingen	2021 Q1
Grundschule Hitzhusen	Schulstraße 3	24576	Hitzhusen	20.06.2019
Grundschule Hohenaspe	Schulstraße 1	25582	Hohenaspe	2020 Q3
Förderzentrum Steinburg Nordost	Birkenallee 11	25551	Hohenlockstedt	Termin noch offen
Wilhelm-Käber-Schule	Birkenallee 9	25551	Hohenlockstedt	Termin noch offen
Grundschule Hohenlockstedt	Finnische Allee 16	25551	Hohenlockstedt	2020 Q3
Schule am Park	Am Park 1 - 3	24594	Hohenwestedt	2020 Q4
Schule Hohe Geest	Rektor-Wurr-Straße 4 - 10	24594	Hohenwestedt	2020 Q4
Theodor-Storm-Schule	Schulstraße 1	24806	Hohn	2020 Q2
Grundschule Hoisdorf	Waldstraße 2	22955	Hoisdorf	Termin noch offen
Heinrich-Eschenburg-Schule	Schulstraße 5	25488	Holm (Pinneberg)	2020 Q2
Schule am See	Dorfstraße 14	24363	Holtsee	05.06.2018
Grundschule Op de Host	Birkenweg 19	25358	Horst (Holstein)	20.02.2020
Jacob-Struve-Schule	Heisterender Weg 19	25358	Horst (Holstein)	20.02.2020
Grundschule Horstedt	Hauptstraße 8	25860	Horstedt	2020 Q3
Grundschule Husby	Schulstraße 16	24975	Husby	2021 Q1
Hermann-Tast-Schule	Am Bahndamm 1	25813	Husum	21.09.2017
Schulpsychologischer Dienst Nordfriesland	Am Bahndamm 1 b	25813	Husum	25.09.2017
Bürgerschule Husum	Asmussenstraße 1	25813	Husum	26.09.2018
Bornschool	Bornweg 1	25813	Husum	Termin noch offen
Gemeinschaftsschule Nord	Brinckmannstraße 42	25813	Husum	04.09.2018
Ferdinand-Tönnies-Schule	Flensburger Chaussee 32	25813	Husum	26.09.2018
Berufliche Schule des Kreises Nordfriesland in Husum	Hermann-Tast-Straße 10	25813	Husum	28.09.2017
Rungholtschule	Hermann-Tast-Straße 62	25813	Husum	28.09.2017
Berufliche Schule des Kreises Nordfriesland in Husum	Herzog-Adolf-Straße 3	25813	Husum	13.10.2017
Theodor-Storm-Schule	Ludwig-Nissen-Straße 62	25813	Husum	26.09.2018
Schulamt Kreis Nordfriesland	Marktstr. 6	25813	Husum	26.09.2018
Iven-Agßen-Schule	Otto-Backens-Weg 3	25813	Husum	Termin noch offen
Klaus-Groth-Schule Husum 	Richard-von-Hagn-Straße 40	25813	Husum	26.09.2018
Pestalozzischule 	Schobüller Str. 38	25813	Husum	28.08.2019
Gemeinschaftsschule Husum Nord	Schobüller Strasse 38 - 40	25813	Husum	28.08.2019
Sophie-Scholl-Gymnasium	Am Lehmwohld 41	25524	Itzehoe	2020 Q1
Gemeinschaftsschule am Lehmwohld	Am Lehmwohld 43	25524	Itzehoe	2020 Q1
Grundschule Sude-West	Ansgarstraße 10	25524	Itzehoe	15.03.2019
Steinburg-Schule 	Einhardstraße 39	25524	Itzehoe	18.02.2019
Fehrs-Schule	Fehrsstraße 16	25524	Itzehoe	24.01.2019
Wolfgang-Borchert-Schule	Gorch-Fock-Straße 17	25524	Itzehoe	25.08.2017
Auguste-Viktoria-Schule	Gr. Paaschburg 50	25523	Itzehoe	15.03.2019
Auguste-Viktoria-Schule	Gr. Paaschburg 68	25524	Itzehoe	2020 Q1
Klosterhof-Schule	Hinterm Klosterhof 35	25524	Itzehoe	24.01.2019
Kaiser-Karl-Schule	Hinterm Sandberg 1 - 3	25524	Itzehoe	24.01.2019
Steinburg-Schule (Ast.)	Juliengardeweg 13	25524	Itzehoe	11.07.2019
Regionales Berufsbildungszentrum des Kreises Steinburg	Juliengardeweg 9	25524	Itzehoe	24.01.2019
Grundschule Wellenkamp	Kamper Weg 105 - 107	25524	Itzehoe	2020 Q1
Grundschule Edendorf	Obere Dorfstraße 8	25524	Itzehoe	14.05.2019
Ernst-Moritz-Arndt-Schule	Schäferkoppel 2	25524	Itzehoe	11.07.2019
Pestalozzi-Schule Itzehoe	Schulstraße 16	25524	Itzehoe	06.05.2019
Wolfgang-Borchert-Schule	Schulstraße 16 - 18	25524	Itzehoe	06.05.2019
Schulamt Kreis Steinburg	Viktoriastr. 16-18	25524	Itzehoe	06.02.2019
Schule am Ochsenweg	Neue Schulstraße 13	24808	Jevenstedt	2020 Q2
Lüttschool Drelsdorf-Joldelund	Schulstraße 4	25862	Joldelund	2021 Q1
Grundschule Jörl	Schulstraße 4	24992	Jörl	in Planung
Grundschule Jübek	Große Straße 64	24855	Jübek	2021 Q1
Dietrich-Bonhoeffer-Schule	Flottkamp 32	24568	Kaltenkirchen	27.05.2019
Gymnasium Kaltenkirchen	Flottkamp 34	24568	Kaltenkirchen	27.08.2019
Grundschule Marschweg	Hamburger Straße 70-72	24568	Kaltenkirchen	14.01.2019
Grundschule Flottkamp	Hohenmoorweg 101	24568	Kaltenkirchen	25.06.2019
Grundschule am Lakweg	Lakweg 2 - 4	24568	Kaltenkirchen	27.05.2019
Schule am Lakweg	Lakweg 4	24568	Kaltenkirchen	25.06.2019
Gemeinschaftsschule am Marschweg 	Marschweg 16 - 20	24568	Kaltenkirchen	25.06.2019
Janusz-Korczak-Schule	Von-Bodelschwingh-Straße 1	24568	Kaltenkirchen	01.04.2019
Gemeinschaftsschule an der Schlei	Hindenburgstraße 2	24376	Kappeln	17.05.2018
Klaus-Harms-Schule	Hüholz 16	24376	Kappeln	17.05.2018
Berufsbildungszentrum Schleswig	Kirchstraße 7	24376	Kappeln	10.10.2018
Gorch-Fock-Schule	Mürwiker Straße 7	24376	Kappeln	in Planung
Grundschule Karby	Schulweg 6	24398	Karby	in Planung
Gemeinschaftsschule mit Oberstufe Kellinghusen	Danziger Straße 40	25548	Kellinghusen	21.02.2019
Förderzentrum Steinburg Nordost	Otto-Ralfs-Str. 1a	25548	Kellinghusen	12.03.2019
Gemeinschaftsschule mit Oberstufe Kellinghusen	Otto-Ralfs-Str. 1a	25548	Kellinghusen	12.03.2019
Grundschule Kellinghusen	Otto-Ralfs-Straße 2	25548	Kellinghusen	14.05.2019
Grundschule Kiebitzreihe	Schulstraße 65	25368	Kiebitzreihe	2020 Q2
Gymnasium Elmschenhagen	Allgäuer Straße 30	24146	Kiel	03.12.2018
Lilli-Martius-Schule	Allgäuer Straße 30	24146	Kiel	03.12.2018
Schulamt Landeshauptstadt Kiel	Andreas-Gayk-Strasse 31	24103	Kiel	14.03.2018
Reventlouschule	Beselerallee 45 - 53	24105	Kiel	17.11.2017
Ernst-Barlach-Gymnasium	Charles-Ross-Ring 53	24106	Kiel	16.01.2018
Theodor-Storm-Gemeinschaftsschule	Danziger Straße 31	24148	Kiel	10.09.2019
Matthias-Claudius-Schule Kiel	Dorfstraße 4 - 6	24146	Kiel	03.12.2018
Friedrich Junge Gemeinschaftsschule - Standort Wik 	Elendsredder 26	24106	Kiel	28.06.2018
Regionales Berufsbildungszentrum Wirtschaft 	Feldstr. 9-11	24106	Kiel	27.11.2019
Hebbelschule	Feldstraße 177 - 179	24106	Kiel	18.10.2018
Kieler Gelehrtenschule	Feldstraße 19	24105	Kiel	29.11.2017
Fritz-Reuter-Schule	Fritz-Reuter-Straße 79 - 85	24159	Kiel	01.06.2018
Regionales Berufsbildungszentrum Technik	Geschwister-Scholl-Str. 15	24143	Kiel	27.06.2019
Regionales Berufsbildungszentrum Technik	Geschwister-Scholl-Straße 9	24143	Kiel	27.06.2019
Schule am Göteborgring - FöZ	Gotlandwinkel 16	24109	Kiel	04.07.2018
Schule am Göteborgring - GR	Gotlandwinkel 16	24109	Kiel	04.07.2018
Gerhart-Hauptmann-Schule	Große  Ziegelstraße 62	24148	Kiel	18.10.2018
Gutenbergschule Kiel  	Gutenbergstraße 61	24116	Kiel	14.03.2018
Goethe-Gemeinschaftsschule	Hansastr. 25	24118	Kiel	15.12.2017
Goetheschule	Hansastr. 25	24118	Kiel	15.12.2017
Ricarda-Huch-Schule	Hansastrasse 69 a	24118	Kiel	29.05.2018
Hardenbergschule	Hardenbergstraße 9 - 11	24105	Kiel	27.09.2018
Gemeinschaftsschule am Brook 	Iltisstraße 82	24143	Kiel	27.02.2019
Grundschule Fröbelschule	Iltisstraße 82	24143	Kiel	27.02.2019
Ellerbeker Schule	Klausdorfer Weg 62	24148	Kiel	07.06.2018
Humboldt-Schule	Knooper Weg 63	24116	Kiel	30.01.2019
Regionales Berufsbildungszentrum Soziales, Ernährung und Bau 	Königsweg 80	24114	Kiel	04.07.2018
Grundschule Kronsburg	Kuhlacker 30	24145	Kiel	27.06.2019
Friedrich Junge Gemeinschaftsschule - Standort Schreventeich	Langenbeckstraße 65	24116	Kiel	2020 Q1
Friedrich-Junge-Grundschule	Langenbeckstraße 65	24116	Kiel	2020 Q1
Muhliusschule	Legienstraße 23	24103	Kiel	13.03.2018
Johanna-Mestorf-Schule	Lütt Steenbusch 41 - 45	24145	Kiel	12.07.2019
Toni-Jensen-Gemeinschaftsschule	Masurenring 6	24149	Kiel	13.11.2019
Gorch-Fock-Schule	Melsdorfer Straße 53	24109	Kiel	15.06.2018
Gorch-Fock-Schule Kiel  -FÖZ geistige Entw.-	Melsdorfer Straße 53	24109	Kiel	15.06.2018
Fachbereich Krankenhausunterricht	Niemannsweg 147	24105	Kiel	2020 Q1
Max-Tau-Grund- und Gemeinschaftsschule 	Odensestraße 6	24109	Kiel	18.07.2018
Käthe-Kollwitz-Schule	Paul-Fleming-Straße 1	24114	Kiel	25.04.2018
Toni-Jensen-Grundschule	Poggendörper Weg 51	24149	Kiel	13.11.2019
Hans-Geiger-Gymnasium	Poppenrade 53	24148	Kiel	27.06.2019
Schulpsychologischer Dienst Stadt Kiel	Rathausstr. 14	24103	Kiel	05.09.2019
Gemeinschaftsschule Hassee	Rendsburger Landstraße 115	24113	Kiel	28.06.2018
Theodor-Heuss-Schule	Rendsburger Landstraße 127 d	24113	Kiel	07.09.2018
Grundschule Holtenau	Richthofenstraße 14 - 16	24159	Kiel	07.06.2018
Grundschule Russee	Russeer Weg 11	24111	Kiel	03.12.2018
Grundschule Schilksee	Schilkseer Straße 94	24159	Kiel	14.08.2018
Gymnasium Wellingdorf	Schönberger Straße 67 - 73	24148	Kiel	19.09.2019
Grundschule Wellsee	Schoolkamp 14	24145	Kiel	2020 Q2
Grundschule Suchsdorf	Schulweg 5	24107	Kiel	23.08.2018
Schule am Heidenberger Teich	Skagenweg 25	24109	Kiel	18.07.2018
Schule am Sonderburger Platz	Sonderburger Platz 1	24106	Kiel	28.06.2018
Uwe-Jens-Lornsen-Schule	Speckenbeker Weg 71	24113	Kiel	28.06.2018
Gemeinschaftsschule Friedrichsort	Steenbarg 10	24159	Kiel	30.01.2019
Regionales Berufsbildungszentrum Soziales, Ernährung und Bau 	Steenbecker Weg 153	24106	Kiel	15.06.2018
Hans-Christian-Andersen-Stadtteilschule	Stoschstraße 24-26	24143	Kiel	02.11.2018
Regionales Berufsbildungszentrum Soziales, Ernährung und Bau 	Tiefe Allee 32	24149	Kiel	19.09.2019
Adolf-Reichwein-Schule	Tiefe Allee 45	24149	Kiel	16.08.2019
Andreas-Gayk-Schule	Tiefe Allee 45	24149	Kiel	16.08.2019
Hermann-Löns-Schule	Tiroler Ring 289	24147	Kiel	03.12.2018
Leif-Eriksson-Gemeinschaftsschule 	Vaasastraße 43	24109	Kiel	27.09.2018
Thor-Heyerdahl-Gymnasium	Vaasastraße 43	24109	Kiel	27.09.2018
Lilli-Nielsen-Schule	Vaasastraße 43	24109	Kiel	27.09.2018
Regionales Berufsbildungszentrum Soziales, Ernährung und Bau 	Westring 100	24114	Kiel	25.04.2018
Regionales Berufsbildungszentrum Wirtschaft 	Westring 444	24118	Kiel	17.10.2018
Max-Planck-Schule	Winterbeker Weg 1	24114	Kiel	23.10.2018
Klaus-Groth-Schule mit Grundschule	Winterbeker Weg 45	24114	Kiel	23.10.2018
Grundschule Barkauer Land	Heinz-Storm-Straße 3	24245	Kirchbarkau	2021 Q1
Grund- und Gemeinschaftsschule Kisdorf	Grootredder 19	24629	Kisdorf	2020 Q4
Grundschule Klein Nordende-Lieth	Schulstraße 30	25336	Klein Nordende	22.01.2019
Grundschule Wiepeldorn	Am Rosengarten 2	25365	Klein Offenseth-Sparrieshoop	Derzeit keine wirtschaftliche Realisierung möglich
Grundschule Klixbüll	Schulstraße 5	25899	Klixbüll	26.11.2018
Schule am Deich	Schulstraße	25377	Kollmar	2021 Q1
Grundschule Kölln-Reisiek	Köllner Chaussee 129	25337	Kölln-Reisiek	Derzeit keine wirtschaftliche Realisierung möglich
Schulzentrum Krempermarsch	Am Burggraben 10	25361	Krempe	2020 Q3
Grundschule Kremperheide	Dorfstraße 24 - 26	25569	Kremperheide	2020 Q2
Marschenschool	Mittelstraße 33	25709	Kronprinzenkoog	2020 Q2
Grundschule Kronshagen	Eichkoppelweg 26	24119	Kronshagen	2020 Q1
Gemeinschaftsschule Kronshagen	Suchsdorfer Weg 33	24119	Kronshagen	13.11.2019
Gymnasium Kronshagen	Suchsdorfer Weg 35	24119	Kronshagen	13.11.2019
Förderzentrum Schleswig-Kropp	Schulstraße 15	24848	Kropp	01.02.2018
Geestlandschule	Schulstraße 15	24848	Kropp	01.02.2018
Grund- und Gemeinschaftsschule Stecknitz	Schulweg 3	23628	Krummesse	2020 Q2
Grundschule Kuddewörde	Möllner Straße 3	22958	Kuddewörde	Derzeit keine wirtschaftliche Realisierung möglich
Bilsbek-Schule	Prisdorfer Straße 72	25495	Kummerfeld	23.05.2019
Grundschule Laboe	Schulstraße 1	24235	Laboe	09.10.2018
Grundschule Ladelund-Achtrup	Schulstraße 13	25926	Ladelund	2021 Q4
Liliencronschule	Liliencronstraße 18	25566	Lägerdorf	2020 Q2
Grundschule Langballig	Hauptstraße 15 a	24977	Langballig	2020 Q2
Friedrich-Paulsen-Schule	An de School 1	25842	Langenhorn	26.06.2018
Grundschule Langwedel	Hörn 2	24631	Langwedel	2020 Q2
Albinus-Gemeinschaftsschule 	Schulstraße 1	21481	Lauenburg/Elbe	in Planung
Weingartenschule	Weingarten 10	21481	Lauenburg/Elbe	2020 Q1
Förderzentrum Südtondern 	Am Süderholz 13	25917	Leck	22.05.2019
Gemeinschaftsschule an der Lecker Au	Am Süderholz 13 a	25917	Leck	22.05.2019
Grundschule an der Linde Leck/ Enge Sande	Eesackerstraße 7	25917	Leck	26.11.2018
Grund- und Gemeinschaftsschule Leezen	Schulstraße 8	23816	Leezen	2021 Q1
Grundschule Schellhorn-Trent	Schulstr. 21	24211	Lehmkuhlen	15.11.2019
Berufliche Schule des Kreises Ostholstein in Oldenburg	Dr.-Julius-Stinde-Straße 4	23738	Lensahn	2020 Q1
Grund-und Gemeinschaftschule Lensahn	Schulstraße 8	23738	Lensahn	2020 Q1
Grundschule Lentföhrden	Schulstraße 63	24632	Lentföhrden	2020 Q2
Grundschule der Gemeinde Großenwiehe in Großenwiehe	Flensburger Str. 2	24969	Lindewitt	2020 Q3
Grundschulen Hemmingstedt	Kirchenallee	25746	Lohe-Rickelshof	2023 Q4
Albert-Schweitzer-Schule	Albert-Schweitzer-Straße 59	23566	Lübeck, Hansestadt	2020 Q2
Paul-Klee-Schule	Alexander Fleming Straße 6 - 12	23562	Lübeck, Hansestadt	21.05.2019
Schule Tremser Teich	Am Behnckenhof 37	23554	Lübeck, Hansestadt	15.08.2019
Gotthard Kühl-Schule	Am Neuhof 1a	23558	Lübeck, Hansestadt	10.01.2019
Johanneum zu Lübeck	Bei St. Johannis 1 - 3	23552	Lübeck, Hansestadt	2020 Q2
Willy-Brandt-Schule	Beim Meilenstein 2	23568	Lübeck, Hansestadt	25.02.2019
Berufsschule der Handwerkskammer Lübeck	Bessemerstraße 3	23562	Lübeck, Hansestadt	23.07.2018
Grundschule Eichholz	Bohlkamp 25	23564	Lübeck, Hansestadt	2021 Q1
Julius-Leber-Schule	Brockesstraße 59 - 61	23554	Lübeck, Hansestadt	23.07.2018
Heinrich-Mann-Schule	Brüder-Grimm-Ring 6 - 8	23560	Lübeck, Hansestadt	13.03.2019
Astrid-Lindgren-Schule	Brüder-Grimm-Ring 6 - 8	23560	Lübeck, Hansestadt	13.03.2019
Hanse-Schule	Dankwartsgrube 14 - 22	23552	Lübeck, Hansestadt	19.06.2019
Schule an der Wakenitz	Dieselstraße 16	23566	Lübeck, Hansestadt	17.07.2019
Oberschule zum Dom	Domkirchhof 1 - 3	23552	Lübeck, Hansestadt	2020 Q2
Dom-Schule	Domkirchhof 5 - 6	23552	Lübeck, Hansestadt	2020 Q2
Pestalozzi-Schule	Dornbreite 12	23556	Lübeck, Hansestadt	06.06.2019
Grundschule Groß Steinrade	Drögeneck 3	23556	Lübeck, Hansestadt	2020 Q2
Schulamt Hansestadt Lübeck	Fackenburger Allee 27	23539	Lübeck, Hansestadt	22.08.2018
Pestalozzi-Schule	Fackenburger Allee 71	23554	Lübeck, Hansestadt	27.11.2018
Dorothea-Schlözer-Schule	Fischstraße 11 - 15	23552	Lübeck, Hansestadt	in Planung
Emil-Possehl-Schule	Georg-Kerschensteiner-Straße 27	23554	Lübeck, Hansestadt	16.08.2018
Friedrich-List-Schule	Georg-Kerschensteiner-Straße 29	23554	Lübeck, Hansestadt	16.08.2018
Emanuel-Geibel-Schule	Glockengiesserstraße 33 - 37	23552	Lübeck, Hansestadt	2020 Q2
Matthias-Leithoff-Schule	Haferkoppel 11	23569	Lübeck, Hansestadt	05.12.2019
Schule Marli	Heinrichstraße 19 - 21	23566	Lübeck, Hansestadt	25.11.2019
Schule Falkenfeld	Helgolandstraße 5	23554	Lübeck, Hansestadt	10.01.2019
Ernestinenschule (Ast.)	Hinter der Burg 2	23552	Lübeck, Hansestadt	07.10.2019
Stadtschule Travemünde	Hirtengang 10	23570	Lübeck, Hansestadt	13.11.2018
Schule Lauerholz	Holzvogtweg 18	23568	Lübeck, Hansestadt	2021 Q1
Dorothea-Schlözer-Schule	Jerusalemsberg 1 - 3	23568	Lübeck, Hansestadt	20.12.2018
Kahlhorst-Schule	Kahlhorststraße 41	23562	Lübeck, Hansestadt	20.12.2018
Kaland-Schule	Kalandstraße 8	23564	Lübeck, Hansestadt	2020 Q4
Grund-und Gemeinschaftsschule mit Oberstufe St. Jürgen i. E.	Kalkbrennerstraße 5	23562	Lübeck, Hansestadt	07.02.2019
Baltic-Schule	Karavellenstraße 2 - 4	23558	Lübeck, Hansestadt	10.01.2019
Trave - Grund- und Gemeinschaftsschule	Kirchplatz 7	23569	Lübeck, Hansestadt	05.12.2019
Ernestinenschule	Kleine Burgstraße 24 - 26	23552	Lübeck, Hansestadt	2020 Q2
Schule am Koggenweg	Koggenweg 1	23558	Lübeck, Hansestadt	13.11.2018
Katharineum zu Lübeck	Königstraße 27 - 31	23552	Lübeck, Hansestadt	2020 Q2
Paul-Klee-Schule	Krog 30	23560	Lübeck, Hansestadt	25.11.2019
Kahlhorst-Schule	Krummesser Landstraße 7	23560	Lübeck, Hansestadt	2020 Q1
Willy-Brandt-Schule	Krümmling 36a	23568	Lübeck, Hansestadt	06.08.2019
Trave-Gymnasium	Kücknitzer Hauptstraße 26	23569	Lübeck, Hansestadt	25.11.2019
Trave - Grund- und Gemeinschaftsschule 	Kücknitzer Hauptstraße 26	23569	Lübeck, Hansestadt	25.11.2019
Berend-Schröder-Schule	Langer Lohberg 24	23552	Lübeck, Hansestadt	2020 Q2
Marien-Schule	Langer Lohberg 6 - 8	23552	Lübeck, Hansestadt	2020 Q2
Gotthard Kühl-Schule	Lortzingstraße 27	23556	Lübeck, Hansestadt	29.01.2019
Julius-Leber-Schule	Marquardplatz 7	23554	Lübeck, Hansestadt	27.08.2018
Bugenhagen-Schule	Moislinger Allee 32	23558	Lübeck, Hansestadt	09.05.2018
Luther-Schule	Moislinger Allee 82	23558	Lübeck, Hansestadt	27.08.2018
Mühlenweg-Schule	Moislinger Mühlenweg 56 - 58	23560	Lübeck, Hansestadt	2021 Q1
Grund-und Gemeinschaftsschule mit Oberstufe St. Jürgen i. E.	Mönkhofer Weg 95	23562	Lübeck, Hansestadt	07.02.2019
Gewerbeschule - Nahrung und Gastronomie - 	Parade 2	23552	Lübeck, Hansestadt	19.06.2019
Paul-Gerhardt-Schule	Paul-Gerhardt-Straße 4 - 8	23554	Lübeck, Hansestadt	21.05.2019
Rangenberg-Schule	Rangenberg 74 - 76	23569	Lübeck, Hansestadt	06.06.2019
Schule Grönauer Baum	Reetweg 5 - 7	23562	Lübeck, Hansestadt	10.04.2019
Willy-Brandt-Schule	Schlutuper Kirchstrasse 10	23568	Lübeck, Hansestadt	06.08.2019
Schule Roter Hahn	Schneidemühlstraße 1	23569	Lübeck, Hansestadt	14.01.2020
Grundschule Schönböcken	Schönböckener Hauptstraße 18	23556	Lübeck, Hansestadt	2020 Q2
Schule am Stadtpark	Schulstraße 22	23568	Lübeck, Hansestadt	29.01.2019
Schule Wilhelmshöhe	Schwartauer Allee 132	23554	Lübeck, Hansestadt	28.08.2018
Maria-Montessori-Schule	Stellbrinkstraße 1	23556	Lübeck, Hansestadt	27.11.2018
Schule am Meer	Strandweg 1	23570	Lübeck, Hansestadt	19.06.2019
Thomas-Mann-Schule	Thomas-Mann-Straße 14	23564	Lübeck, Hansestadt	28.08.2018
Geschwister-Prenski-Schule	Travemünder Allee 5 a	23568	Lübeck, Hansestadt	22.08.2018
Grundschule Utkiek	Utkiek 22	23569	Lübeck, Hansestadt	14.01.2020
Schule Lauerholz	Waldstr. 31a	23568	Lübeck, Hansestadt	2020 Q4
Holstentor-Gemeinschaftsschule	Wendische Straße 55	23558	Lübeck, Hansestadt	2020 Q2
Berufsschule der Handwerkskammer Lübeck	Wiekstraße 5	23570	Lübeck, Hansestadt	07.02.2019
Carl-Jacob-Burckhardt-Gymnasium	Ziegelstr. 38	23556	Lübeck, Hansestadt	13.03.2019
Friedrich-Elvers-Schule	Am Gehölz 12	25774	Lunden	2023 Q4
Grundschule Lunden	Am Gehölz 12	25774	Lunden	2023 Q4
Grundschule Lütau	Alte Salzstraße 48	21483	Lütau	Potenziell Glasfaser möglich - Glasfaserausbau durch regionalen Partner in Planung
Förderzentrum Plön	Friedrich-Speck-Str. 10	24321	Lütjenburg	09.10.2018
Gemeinschaftsschule im Hoffmann-von-Fallersleben-Schulzentrum	Kieler Straße 30	24321	Lütjenburg	09.10.2018
Gymnasium im Hoffmann-von-Fallersleben-Schulzentrum	Kieler Straße 30	24321	Lütjenburg	09.10.2018
Grundschule Lütjenburg	Plöner Straße 22 - 24	24321	Lütjenburg	30.08.2018
Grundschule Lütjensee	Hamburger Straße 11	22952	Lütjensee	2020 Q2
Grundschule Wiepeldorn	Schulberg 31	25355	Lutzhorn	23.07.2019
Berufliche Schule des Kreises Ostholstein in Eutin	Luisenstraße 4 - 6	23714	Malente	03.07.2018
Grundschule Malente	Marktstraße 2	23714	Malente	03.07.2018
Schule an den Auewiesen	Neversfelder Straße 11	23714	Malente	03.07.2018
Gymnasium Marne	Bürgermeister-Plambeck-Straße 9	25709	Marne	2023 Q4
Reimer-Bull-Schule	Hafenstrasse 12	25709	Marne	2023 Q4
Förderzentrum Dithmarschen-Süd	Wilhelmstraße 35	25709	Marne	2023 Q4
Grundschule Medelby	Hauptstraße 4	24994	Medelby	2020 Q4
Meldorfer Gelehrtenschule	An den Anlagen 16	25704	Meldorf	21.11.2018
Förderzentrum Süderdithmarschen 	Büttelsweg 2	25704	Meldorf	09.04.2019
Astrid-Lindgren-Schule 	Eescher Weg 69	25704	Meldorf	06.02.2019
Regionales BerufsBildungsZentrum Dithmarschen	Friedrichshöfer Straße 31	25704	Meldorf	12.09.2019
Grundschule Meldorf	Rosenstraße 36 - 28	25704	Meldorf	21.11.2018
Gemeinschaftsschule des Schulverbandes Meldorf	Weiderbaum	25704	Meldorf	21.11.2018
Regenbogenschule	Dorfstraße 13	24109	Melsdorf	18.07.2018
Grundschule Föhr-Land	Schulweg 20	25938	Midlum	Derzeit keine wirtschaftliche Realisierung möglich
Grundschule Eidertal	Dorfstraße 32	24247	Mielkendorf	2020 Q3
Grund- und Gemeinschaftsschule Mildstedt	Kirchenweg 8b	25866	Mildstedt	2020 Q3
Bernstorff-Gymnasium 	Am Gymnasium 4	24986	Mittelangeln	06.02.2018
Struensee Gemeinschaftsschule	Dennertweg	24986	Mittelangeln	06.02.2018
Regenbogenschule	Schleswiger Straße 16-18	24986	Mittelangeln	06.02.2018
Grundschule Eidertal	Olendieksbarg 12 - 14	24113	Molfsee	26.07.2018
Gemeinschaftsschule der Stadt Mölln	Auf dem Schulberg	23879	Mölln	29.11.2018
Till-Eulenspiegel-Schule	Auf dem Schulberg	23879	Mölln	29.11.2018
Marion-Dönhoff-Gymnasium 	Auf dem Schulberg 1	23879	Mölln	29.11.2018
Schule Steinfeld	Bürgermeister-Oetken-Straße 3	23879	Mölln	15.11.2018
Berufsbildungszentrum Mölln	Kerschensteinerstraße 2	23879	Mölln	15.11.2018
Grundschule Tanneck	Papenkamp 8	23879	Mölln	15.11.2018
Astrid-Lindgren-Schule	Schäferkamp 16	23879	Mölln	29.11.2018
Berufsbildungszentrum Mölln	Schmilauer Str. 66	23879	Mölln	15.11.2018
Grundschule an der Bake	Dorfstraße 6	24248	Mönkeberg	17.09.2019
Gemeinschaftsschule Am Himmelsbarg	Kirchenstraße 30	25436	Moorrege	2020 Q2
Grundschule Moorrege	Klinkerstraße 8	25436	Moorrege	2020 Q1
Grundschule Münsterdorf	Kirchenstraße 7	25587	Münsterdorf	2020 Q3
Grundschule Müssen	Zum Sportplatz	21516	Müssen	2020 Q4
Schule im Alsterland	Lüttmoor 5	23866	Nahe	2020 Q4
Öömrang-Skuul	Uasterstigh 49	25946	Nebel	Derzeit keine wirtschaftliche Realisierung möglich
Grundschule Neuengörs	Schulstraße 1	23818	Neuengörs	2020 Q2
Grundschule Oldenburg-Land	Schulstr. 3	23779	Neukirchen	Derzeit keine wirtschaftliche Realisierung möglich
Emil-Nolde-Schule	Otzhusumweg 6	25927	Neukirchen (Nordfriesland)	2021 Q1
Stadt Neumünster, Zentralanschluss Schulen	Friedrichstraße 7	24534	Neumünster	22.01.2020
Grundschule Neustädter Bucht 	Am Steinkamp 5	23730	Neustadt in Holstein	23.01.2019
Küstengymnasium Neustadt	Butzhorn 85	23730	Neustadt in Holstein	23.01.2019
Berufliche Schule des Kreises Ostholstein in Oldenburg	Reiferbahn 2	23730	Neustadt in Holstein	2020 Q2
Schule am Rosengarten	Rosengarten 20	23730	Neustadt in Holstein	05.02.2019
Jacob-Lienau-Schule	Schulstraße 2	23730	Neustadt in Holstein	05.02.2019
Grundschule am Nord-Ostsee-Kanal	Hauptstraße 24	24214	Neuwittenbek	24.07.2018
Friedrich-Paulsen-Schule	Friedrich-Paulsen-Straße 5	25899	Niebüll	05.12.2017
Alwin-Lensch-Schule	Marktstraße 14	25899	Niebüll	05.12.2017
Förderzentrum Südtondern 	Marktstraße 14	25899	Niebüll	05.12.2017
Berufliche Schule des Kreises Nordfriesland in Niebüll	Rathausstraße 21	25899	Niebüll	in Planung
Berufliche Schule des Kreises Nordfriesland in Niebüll	Uhlebüller Straße 15	25899	Niebüll	05.12.2017
Gemeinschaftsschule der Stadt Niebüll	Uhlebüller Straße 15	25899	Niebüll	05.12.2017
Carl-Ludwig-Jessen-Schule	Ulmenweg	25899	Niebüll	12.06.2018
Berufliche Schule des Kreises Nordfriesland in Niebüll	Westerlandstr. 4	25899	Niebüll	in Planung
Grund- und Gemeinschaftsschule Timmendorfer Strand	Störtebeker Weg 22	23669	Niendorf/Ostsee	in Planung
Grundschule des Amtes Kropp-Stapelholm in Norderstapel	Bahnhofstraße 27	25868	Norderstapel	Termin noch offen
Schule am Hasenstieg	Hasenstieg 13	22846	Norderstedt	2020 Q4
Berufsbildungszentrum Norderstedt	Moorbekstraße 17	22846	Norderstedt	Termin noch offen
Stadt Norderstedt, Zentralanschluss Schulen	Rathausallee 50	22846	Norderstedt	in Planung
Grundschule Nordhastedt	Hauptstraße 25	25785	Nordhastedt	2023 Q4
Halligschule Nordstrandischmoor 	Amalienwarft	25845	Nordstrand	Termin noch offen
Herrendeichschule	Schulweg 4	25845	Nordstrand	Derzeit keine wirtschaftliche Realisierung möglich
Schule an den Eichen	Heinkenborsteler Weg 12	24589	Nortorf	2020 Q2
Grundschule Nortorf	Jahnstraße 2 - 6	24589	Nortorf	20.11.2019
Förderzentrum mit dem Schwerpunkt Lernen 	Marienburger Straße 47 - 49	24589	Nortorf	2020 Q2
Gemeinschaftsschule mit Oberstufe Nortorf	Marienburger Straße 47 - 49	24589	Nortorf	2020 Q2
Bergschule	Achterfeld	24809	Nübbel	2020 Q2
Boy-Lornsen-Schule Südangeln	Schulstr. 2	24881	Nübel	30.04.2019
Grundschule Sandesneben-Nusse	Poggenseer Straße 11	23896	Nusse	29.11.2018
Grundschule Nützen-Lentföhrden	Schulstraße 14	24632	Nützen	25.07.2019
Grundschule am Störtal	Unterstraße 23	25524	Oelixdorf	2020 Q2
Grundschule Oeversee	Stapelholmer Weg 39	24988	Oeversee	24.07.2018
Freiherr-vom-Stein-Gymnasium 	Adolf-Friedrich-Straße 1	23758	Oldenburg in Holstein	2020 Q3
Grundschule am Wasserquell	Breslauer Straße 15	23758	Oldenburg in Holstein	2020 Q3
Berufliche Schule des Kreises Ostholstein in Oldenburg	Kremsdorfer Weg 31	23758	Oldenburg in Holstein	2020 Q3
Schule Kastanienhof	Kremsdorfer Weg 51	23758	Oldenburg in Holstein	2020 Q3
Wagrienschule	Mühlenkamp 18 a	23758	Oldenburg in Holstein	2020 Q3
Grundschule Osdorf / Noer / Felm	Zur Schule 8	24251	Osdorf	30.07.2018
Otto-Thiesen-Schule	Hauptstraße 36	25872	Ostenfeld (Husum)	in Planung
Grundschule Oster-Ohrstedt	Schulstr. 1	25885	Oster-Ohrstedt	in Planung
Aukamp-Schule 	Achterkamp 14	24783	Osterrönfeld	2020 Q2
Schulen am Moor	Spanngrund 9	25746	Ostrohe	2023 Q4
Helmut-Landt-GS Oststeinbek	Gerberstraße 36	22113	Oststeinbek	05.03.2019
Grundschule Owschlag	An der Schule 1	24811	Owschlag	17.05.2018
Eiderschule	Mühlenberg 49	25794	Pahlen	2023 Q4
Otfried-Preußler-Schule	Schulkoppel 31	23689	Pansdorf	2020 Q2
Hermann-Neuton-Paulsen-Schule 	Schulstraße 11	25849	Pellworm	in Planung
Berufliche Schule des Kreises Pinneberg in Pinneberg	An der Berufsschule 1	25421	Pinneberg	10.10.2019
Theodor-Heuss-Schule	Datumer Chaussee 2	25421	Pinneberg	22.01.2019
Hans-Claussen-Schule	Elmshorner Straße 52	25421	Pinneberg	10.10.2019
Johannes-Brahms-Schule	Fahltskamp 36	25421	Pinneberg	12.09.2019
Johann-Comenius-Schule Thesdorf	Horn 5	25421	Pinneberg	10.10.2019
Helene-Lange-Schule Pinneberg	Kirchhofsweg 5	25421	Pinneberg	2020 Q1
Johannes-Brahms-Schule	Lindenstr.	25421	Pinneberg	23.05.2019
Grundschule Waldenau	Nieland 1	25421	Pinneberg	2020 Q4
Grundschule Thesdorf	Pestalozzistraße 7	25421	Pinneberg	10.10.2019
GuGS im Quellental	Richard-Köhn-Straße 75	25421	Pinneberg	12.12.2019
Grundschule Rübekamp	Rübekamp 13 - 15	25421	Pinneberg	23.05.2019
Schulpsychologischer Dienst Kreis Pinneberg	Saarlandstr. 4a	25421	Pinneberg	2020 Q1
Förderzentrum Pinneberg	Saarlandstraße 4	25421	Pinneberg	2020 Q1
Schulzentrum Nord	Schulenhörn 40	25421	Pinneberg	09.07.2019
Förderzentrum Plön	Am Schiffsthal 10a	24306	Plön	18.09.2018
Schule am Schiffsthal 	Am Schiffsthal 7	24306	Plön	29.08.2018
Breitenauschule	Breitenaustraße 1	24306	Plön	06.08.2019
Schulamt Kreis Plön	Hamburger Str. 17-18	24306	Plön	06.06.2018
Regionales Berufsbildungszentrum des Kreises Plön	Heinrich Rieper Straße 3	24306	Plön	18.01.2019
Gymnasium Schloss Plön	Prinzenstraße 8	24306	Plön	11.10.2018
Rodomstorschule	Rodomstorstraße 15	24306	Plön	29.08.2018
Theodor-Heuss-Gemeinschaftsschule	Castöhlenweg 4	24211	Preetz	15.11.2019
Johann-Heinrich-Pestalozzi-Schule	Hufenweg 5	24211	Preetz	02.10.2018
Friedrich-Schiller-Gymnasium	Ihlsol 10 - 12	24211	Preetz	09.10.2019
Regionales Berufsbildungszentrum des Kreises Plön	Kieler Straße 26	24211	Preetz	06.02.2020
Regionales Berufsbildungszentrum des Kreises Plön	Kührener Straße	24211	Preetz	09.10.2019
Schule am Kührener Berg	Kührener Straße 50	24211	Preetz	21.10.2019
Friedrich-Ebert-Schule	Lohmühlenweg 34	24211	Preetz	09.10.2019
Hermann-Ehlers-Schule	Max-Planck-Straße 1	24211	Preetz	02.10.2018
Dörfergemeinschaftsschule Probsteierhagen	Wulfsdorfer Weg 6	24253	Probsteierhagen	2021 Q1
Grundschule Goldenbek	Pronstorfer Straße 19	23820	Pronstorf	2020 Q1
Regenbogenschule	Mönkbergseck 27	24107	Quarnbek	2021 Q1
Ernst-Barlach-Schule	Am Freibad 1	25451	Quickborn	11.01.2019
Comenius-Schule Quickborn	Am Freibad 3 - 11	25451	Quickborn	18.02.2019
Grundschule Mühlenberg	Am Mühlenberg 58	25451	Quickborn	11.01.2019
Goethe-Schule	Heidkampstr. 8 (ab 2020)	25451	Quickborn	Termin noch offen
Elsensee-Gymnasium	Heidkampstraße 10	25451	Quickborn	Termin noch offen
Waldschule	Kampmoorstraße 1 - 7	25451	Quickborn	14.02.2019
Dietrich-Bonhoeffer-Gymnasium	Ziegenweg 5	25451	Quickborn	11.01.2019
Grundschule Rantrum	Schulstraße 1	25873	Rantrum	2021 Q2
Grundschule Ratekau	Bäderstraße 38	23626	Ratekau	2021 Q4
César-Klein-Schule	Preesterkoppel 2	23626	Ratekau	2021 Q4
Lauenburgische Gelehrtenschule 	Bahnhofsallee 22	23909	Ratzeburg	30.05.2018
Schulamt Kreis Herzogtum Lauenburg	Barlachstrasse 5	23909	Ratzeburg	12.12.2018
Gemeinschaftsschule Lauenburgische Seen	Heinrich-Scheele-Straße 1	23909	Ratzeburg	11.09.2018
Grundschule Ratzeburg	Mechower Straße 44	23909	Ratzeburg	11.09.2018
Grundschule Ratzeburg	Scheffelstraße 11	23909	Ratzeburg	15.11.2018
Pestalozzischule Ratzeburg	Seminarweg 1	23909	Ratzeburg	11.09.2018
Grundschule Klosterbergen	Klosterbergenstraße 77	21465	Reinbek	2020 Q2
Grundschule Schönningstedt	Königstraße	21465	Reinbek	2020 Q3
Amalie-Sieveking-Schule	Mühlenredder 30	21465	Reinbek	2020 Q2
Gemeinschaftsschule mit Oberstufe i.E. im Schulzentrum Mühlenredder	Mühlenredder 30	21465	Reinbek	2020 Q2
Grundschule Mühlenredder	Mühlenredder 43	21465	Reinbek	2020 Q2
Gertrud-Lege-Schule	Querweg 4	21465	Reinbek	2020 Q4
Sachsenwaldschule	Schulstraße 19	21465	Reinbek	2020 Q2
Immanuel-Kant-Schule Reinfeld	Bischofsteicher Weg 75	23858	Reinfeld (Holstein)	Termin noch offen
Erich Kästner Schule	Bischofsteicher Weg 75 b	23858	Reinfeld (Holstein)	in Planung
Matthias-Claudius-Schule	Marktplatz 1	23858	Reinfeld (Holstein)	Termin noch offen
Erich Kästner Schule Rellingen-Krupunder	Heidestraße 84	25462	Rellingen	03.09.2018
Förderzentrum Rellingen	Heidestraße 94-96	25462	Rellingen	2020 Q2
Brüder-Grimm-Schule	Schmiedestraße 38	25462	Rellingen	03.07.2019
Caspar-Voght-Schule	Schulweg 2 - 4	25462	Rellingen	2020 Q4
Schule Hochfeld	Aalborgstraße 78 - 84	24768	Rendsburg	01.08.2018
Förderzentrum Lernen 	Ahlmannstraße 6 - 8	24768	Rendsburg	01.08.2018
Schule Rotenhof	Ahlmannstrasse 6 - 8	24768	Rendsburg	01.08.2018
Berufsbildungszentrum am Nord-Ostsee-Kanal	Am Kamp 13	24768	Rendsburg	2022 Q4
Herderschule	Am Stadtsee 11 - 17	24768	Rendsburg	01.08.2018
Schule Altstadt	An der Bleiche 1	24768	Rendsburg	01.08.2018
Gymnasium Kronwerk	Eckernförder Straße 58 b - d	24768	Rendsburg	01.08.2018
Berufsbildungszentrum am Nord-Ostsee-Kanal	Herrenstraße 30 - 32	24768	Rendsburg	06.09.2018
Schulamt Kreis Rendsburg-Eckernförde	Kaiserstr. 8	24768	Rendsburg	19.07.2017
Christian-Timm-Schule	Kieler Straße 27	24768	Rendsburg	04.07.2018
Berufsbildungszentrum Rendsburg-Eckernförde	Kieler Straße 30	24768	Rendsburg	04.06.2018
Berufsbildungszentrum am Nord-Ostsee-Kanal	Kieler Straße 35	24768	Rendsburg	22.11.2018
Schule Neuwerk - Moltkeschule	Moltkestraße 22 - 24	24768	Rendsburg	01.08.2018
Grundschule Nobiskrug	Nobiskrüger Allee 116-118	24768	Rendsburg	01.08.2018
Schule Mastbrook	Ostlandstraße 44	24768	Rendsburg	01.08.2018
Sternschule	Ostlandstraße 44	24768	Rendsburg	27.06.2019
Schule Obereider	Pastor-Schröder-Straße 66 - 68	24768	Rendsburg	01.08.2018
Helene-Lange-Gymnasium	Ritterstraße 12	24768	Rendsburg	01.08.2018
Grundschule Wankendorf	Schipphorster Weg 4	24619	Rendswühren	Potenziell Glasfaser möglich - Glasfaserausbau durch regionalen Partner in Planung
Grundschule Rethwisch	Schinkeler Weg 2	25566	Rethwisch (Steinburg)	2020 Q3
Grundschule der Gemeinde Rickling	Dorfstraße 63	24635	Rickling	2020 Q3
Schleischule Rieseby	Dorfstraße 29	24354	Rieseby	03.05.2018
Grundschule Risum-Lindholm 	Dorfstraße 260	25920	Risum-Lindholm	26.11.2018
Grundschule Warderfelde	Warderfelder Weg 36	23821	Rohlstorf	2020 Q3
Grund- und Gemeinschaftsschule Sandesneben 	Schiphorster Weg 5	23898	Sandesneben	2020 Q2
Grundschule Wilstermarsch	Hauptstraße 12	25572	Sankt Margarethen	2020 Q4
Grund- und Gemeinschaftsschule Burg-St. Michaelisdonn	Birkenstraße 9	25693	Sankt Michaelisdonn	2023 Q4
Grund- und Gemeinschaftsschule Burg-St. Michaelisdonn	Hoper Straße 6	25693	Sankt Michaelisdonn	2023 Q4
Nordseeschule	Fasanenweg 5	25826	Sankt Peter-Ording	in Planung
Utholm-Schule 	Kirchenleye 7	25826	Sankt Peter-Ording	in Planung
Nordseeschule	Pestalozzistraße 62 - 70	25826	Sankt Peter-Ording	in Planung
Boy-Lornsen-Schule Südangeln	Schulstraße 8	24882	Schaalby	22.02.2018
Grund- und Gemeinschaftsschule Schacht-Audorf	Dorfstraße 60	24790	Schacht-Audorf	2020 Q2
Grund- und Gemeinschaftsschule Schafflund	Meyner Straße 29	24980	Schafflund	03.12.2019
Grundschule Bargenstedt-Schafstedt	Judenstraße 46	25725	Schafstedt	2023 Q4
Grund- und Gemeinschaftsschule Pönitz	Lindenstraße 20	23684	Scharbeutz	Termin noch offen
Ostsee-Grundschule	Schulstraße 5	23683	Scharbeutz	in Planung
Grundschule Schellhorn-Trent	Plöner Landstraße 49	24211	Schellhorn	Termin noch offen
Gymnasium Schenefeld	Achter de Weiden 30	22869	Schenefeld	12.09.2019
Gemeinschaftsschule Achter de Weiden	Achter De Weiden 34	22869	Schenefeld	12.09.2019
Grundschule Altgemeinde	Blankeneser Chaussee 5	22869	Schenefeld	Termin noch offen
Gorch-Fock-Schule	Gorch-Fock-Straße 51	22869	Schenefeld	2020 Q4
Grund- und Gemeinschaftsschule Schenefeld	Rosenstieg 16	25560	Schenefeld	2020 Q3
Grundschule Wankendorf	Ziegelhofer Weg 6	24637	Schillsdorf	Derzeit keine wirtschaftliche Realisierung möglich
Grundschule am Nord-Ostsee-Kanal	Hauptstraße 46	24214	Schinkel	04.07.2018
Dannewerkschule	Erikstraße 50	24837	Schleswig	15.05.2019
St. Jürgen-Schule	Erlenweg 2	24837	Schleswig	10.10.2018
Schulamt Kreis Schleswig-Flensburg	Flensburger Str. 7	24837	Schleswig	22.02.2018
Förderzentrum Schleswig-Kropp	Flensburger Straße 120	24837	Schleswig	04.10.2018
Berufsbildungszentrum Schleswig	Flensburger Straße 19 b	24837	Schleswig	22.11.2018
Schule Hesterberg	Friedrich-Ebert-Straße 5	24837	Schleswig	10.10.2018
Bugenhagenschule	Friedrichstraße 103	24837	Schleswig	18.12.2018
Gallbergschule	Gallberg 47	24837	Schleswig	28.02.2019
Peter-Härtling-Schule	Holzredder 12	24837	Schleswig	18.12.2018
Domschule	Königsstraße 37	24837	Schleswig	04.10.2018
Lornsenschule	Lutherstr. 9	24836	Schleswig	22.11.2018
Wilhelminenschule	Lutherstraße 11	24837	Schleswig	22.11.2018
Landesförderzentrum Sehen	Lutherstraße 14	24837	Schleswig	19.07.2018
Lornsenschule	Michaelisallee 1	24837	Schleswig	04.10.2018
Schule Nord	Schützenredder 16	24837	Schleswig	10.10.2018
Bruno-Lorenzen-Schule	Spielkoppel 6	24837	Schleswig	11.06.2018
Grundschule Schmalfeld-Hartenholm	Schulstrasse 3	24640	Schmalfeld	2020 Q4
Gemeinschaftsschule Probstei	Friedhofsweg 6	24217	Schönberg	05.12.2018
Grundschule an den Salzwiesen	Schulweg 3	24217	Schönberg	05.12.2018
Förderzentrum Schönberg	Schulweg 3 a	24217	Schönberg	05.12.2018
Förderzentrum Schönkirchen - Schönberg	Augustental	24232	Schönkirchen	17.09.2019
Schule im Augustental	Augustental 29	24232	Schönkirchen	17.09.2019
Friedrich-Hiller-Schule	Am Ruhsal	23744	Schönwalde am Bungsberg	2021 Q2
Grundschule Schuby 	Bahnhofstraße 18	24850	Schuby	16.01.2019
Schule an der Treene	Westerende 32	25876	Schwabstedt	Termin noch offen
Grundschule Schwartbuck	Dorfstrasse 59	24257	Schwartbuck	Derzeit keine wirtschaftliche Realisierung möglich
Grund- und Gemeinschaftsschule Schwarzenbek	Berliner Straße 12	21493	Schwarzenbek	2020 Q4
Grund- und Gemeinschaftsschule Schwarzenbek	Breslauer Straße 2	21493	Schwarzenbek	2020 Q4
Gymnasium Schwarzenbek	Buschkoppel 7	21493	Schwarzenbek	2020 Q4
Centa-Wulf-Schule	Cesenaticostraße 13	21493	Schwarzenbek	2020 Q4
Grundschule Schwarzenbek-Nordost	Cesenaticostraße 14	21493	Schwarzenbek	2020 Q4
Grundschule Surendorf	An der Schule 11	24229	Schwedeneck	21.03.2018
Astrid-Lindgren-Grundschule	Dorfstraße 99 - 101	24222	Schwentinental	Termin noch offen
Landesförderzentrum Schwentinental	Henry-Dunant-Straße 6 - 10	24223	Schwentinental	18.03.2019
Grundschule am Schwentinepark	Zum See 11	24223	Schwentinental	05.12.2018
Albert-Schweitzer-Schule	Zum See 15	24223	Schwentinental	05.12.2018
Grundschule Schlamersdorf	Schulstrasse 1	23823	Seedorf (Segeberg)	2020 Q3
Grundschule Seester	Dorfstraße 43	25370	Seester	Derzeit keine wirtschaftliche Realisierung möglich
Schule am Selenter See	Schulstraße 8	24238	Selent	Termin noch offen
Achim-Bröger-Schule	Schulstrasse 6	23611	Sereetz	19.11.2019
Grundschule Seth	Schulstraße 4	23845	Seth	Derzeit keine wirtschaftliche Realisierung möglich
Grundschule Sieversdorf	Kreisstraße 1	23714	Sieversdorf	Termin noch offen
Grundschule am Wald	Am Sportfeld 3	24641	Sievershütten	Derzeit keine wirtschaftliche Realisierung möglich
Schule im Autal	Sieverstedter Straße 9	24885	Sieverstedt	26.06.2018
Erich Kästner Schule Silberstedt	Malerweg 17	24887	Silberstedt	Derzeit keine wirtschaftliche Realisierung möglich
Grundschule Südensee-Schule	Schulstraße 4	24966	Sörup	2021 Q4
Förderzentrum Angeln	Schulstraße 4 a	24966	Sörup	2020 Q4
Grund- und Gemeinschaftsschule Schafflund	Dorflücken 18	25917	Stadum	07.11.2019
Grundschule Stapelfeld	Von-Eichendorff-Weg 3	22145	Stapelfeld	2021 Q1
Grundschule Steinbergkirche	Hattlundmoor 15	24972	Steinbergkirche	Termin noch offen
Grundschule Mollhagen	Eichedeer Straße 16	22964	Steinburg	2020 Q2
Grundschule Sterley	Schulstraße 5	23883	Sterley	in Planung
Heinrich-Andresen-Schule	Am Schulzentrum 5	24996	Sterup	2020 Q3
Grundschule Sterup	Schulstraße 3	24996	Sterup	Termin noch offen
Gerhart-Hauptmann-Schule	Breslauer Straße 12	23617	Stockelsdorf	16.10.2018
Erich Kästner Grundschule	Dorfstraße 30	23617	Stockelsdorf	in Planung
Gerhard-Hilgendorf-Schule	Rensefelder Weg 2 g	23617	Stockelsdorf	14.11.2018
Grundschule Ravensbusch	Segeberger Straße 89	23617	Stockelsdorf	15.11.2018
Grundschule Wankendorf	Dorfstraße 25	24601	Stolpe	Derzeit keine wirtschaftliche Realisierung möglich
Grundschule Strande	Dänischenhagener Straße 31	24229	Strande	20.03.2018
Grundschule am Wald	Schulstraße 12	24643	Struvenhütten	Potenziell Glasfaser möglich - Glasfaserausbau durch regionalen Partner in Planung
Schule am Markt	Holmer Straße 2	24392	Süderbrarup	02.02.2018
Schule am Thorsberger Moor	Kappelner Straße	24392	Süderbrarup	23.01.2018
Nordlicht-Schule	Kappelner Straße 27 b 38	24392	Süderbrarup	23.01.2018
Grundschule Föhr-Land	Am Haag 4a	25938	Süderende	Derzeit keine wirtschaftliche Realisierung möglich
Grundschule Burg	Kantstraße 10	25727	Süderhastedt	2021 Q4
Grundschule Süderlügum	Schulstraße 15	25923	Süderlügum	Derzeit keine wirtschaftliche Realisierung möglich
Schule im Alsterland	Oldesloer Straße 9	23867	Sülfeld	2020 Q3
Grundschule Süsel 	Am Schulzentrum 3	23701	Süsel	Potenziell Glasfaser möglich - Glasfaserausbau durch regionalen Partner in Planung
Boy-Lornsen-Grundschule  	Boy-Peter-Eben-Weg 2	25980	Sylt	Derzeit keine wirtschaftliche Realisierung möglich
Schule St. Nicolai	Nordkamp 1	25980	Sylt	21.01.2020
Berufliche Schule des Kreises Nordfriesland in Niebüll	St.Nicolai-Straße 5	25980	Sylt	09.05.2019
Schule St. Nicolai	St.Nicolai-Straße 6	25980	Sylt	09.05.2019
Schulzentrum Sylt	Tonderner Straße 12	25980	Sylt	21.01.2020
Grundschule Tangstedt	Dorfstraße 100	25499	Tangstedt (Pinneberg)	01.04.2019
Grundschule Tangstedt	Schulstraße 13	22889	Tangstedt (Stormarn)	2020 Q1
Alexander-Behm-Schule	Klaus-Groth-Straße 29	24963	Tarp	19.09.2017
Grundschule Pansdorf-Techau	Dorfstr. 1	23689	Techau	in Planung
Friedrich-Elvers-Schule	Schulweg	25782	Tellingstedt	2023 Q4
Grund- und Gemeinschaftsschule Tellingstedt	Schulweg 4	25782	Tellingstedt	2023 Q4
Theodor-Mommsen-Schule Garding 	Kirchdeich 1	25882	Tetenbüll	Potenziell Glasfaser möglich - Glasfaserausbau durch regionalen Partner in Planung
Grundschule Timmaspe	Zum Sportplatz 14	24644	Timmaspe	20.11.2019
Ostsee-Gymnasium	Am Kuhlbrook	23669	Timmendorfer Strand	10.01.2019
Grund- und Gemeinschaftsschule Timmendorfer Strand	Poststraße 36 a	23669	Timmendorfer Strand	18.03.2019
Berufliche Schule des Kreises Ostholstein in Oldenburg	Strandallee 2	23669	Timmendorfer Strand	2020 Q1
Theodor-Storm-Dörfergemeinschaftsschule	Hauptstraße 41	24819	Todenbüttel	Termin noch offen
Boy-Lornsen-Schule Südangeln	Eckernförder Str. 37	24894	Tolk	22.02.2018
Eider-Treene-Schule	Badallee 14	25832	Tönning	in Planung
Schule am Ostertor	Hochsteg 26	25832	Tönning	in Planung
Johannes-Schwennesen-Schule	Esinger Straße 102	25436	Tornesch	28.10.2019
Klaus-Groth-Schule	Klaus-Groth-Straße 11	25436	Tornesch	28.10.2019
Fritz-Reuter-Schule	Königsberger Straße 7	25436	Tornesch	Termin noch offen
Richard-Hallmann-Schule	Gablonzer Straße 42	24610	Trappenkamp	in Planung
Grundschule Trappenkamp 	Gablonzer Straße 42	24610	Trappenkamp	Termin noch offen
Grundschule Treia	Treenestraße 53	24896	Treia	Derzeit keine wirtschaftliche Realisierung möglich
Gymnasium Trittau	Heinrich-Hertz-Straße 7	22946	Trittau	in Planung
Hahnheide-Schule	Im Raum 23	22946	Trittau	in Planung
Mühlau-Schule	Im Raum 24	22946	Trittau	in Planung
Amalie-Sieveking-Schule	Im Raum 26
(Telekomadresse: Heinrich-Hertz-Str. 7)		Trittau                            	in Planung
Friedrich-Ebert-Grundschule	Berliner Straße 19	25436	Uetersen	28.10.2019
Förderzentrum Region Uetersen	Birkenallee 44	25436	Uetersen	28.10.2019
Grundschule Birkenallee	Birkenallee 44	25436	Uetersen	28.10.2019
Ludwig-Meyn-Gymnasium	Seminarstraße 10	25436	Uetersen	28.10.2019
Rosenstadtschule Uetersen	Seminarstraße 10b-12	25436	Uetersen	28.10.2019
Grund- und Gemeinschaftsschule Viöl	Gartenstraße 4 - 8	25884	Viöl	2020 Q3
Grundschule Mittelschwansen	Kirchstraße 12	24369	Waabs	03.05.2018
Grundschule Wacken	Bokelrehmer Straße 51	25596	Wacken	09.08.2018
Berufsbildungszentrum Bad Segeberg	Gildeweg 36	23812	Wahlstedt	31.01.2019
Poul-Due-Jensen-Schule	Neumünsterstraße 22	23812	Wahlstedt	17.07.2019
Helen-Keller-Schule	Scharnhorststrasse 6	23812	Wahlstedt	20.11.2019
Grund- und Gemeinschaftsschule Kisdorf	Naher Straße 1	24558	Wakendorf II	Derzeit keine wirtschaftliche Realisierung möglich
Grundschule Wanderup	Tarper Straße 19 - 21	24997	Wanderup	2020 Q3
Grundschule Oldenburg-Land	Ostseestraße 23	23758	Wangels	Derzeit keine wirtschaftliche Realisierung möglich
Grundschule Wankendorf	Schulweg 6	24601	Wankendorf	2020 Q1
Hermann-Claudius-Schule	Schulstraße 14	24647	Wasbek	2020 Q3
Landschule an der Eider	Schulstraße 6	24582	Wattenbek	2020 Q3
Grundschule Weddingstedt	Alter Landweg 2	25795	Weddingstedt	2023 Q4
Johann-Rist-Gymnasium	Am Redder 8	22880	Wedel	29.10.2019
Moorwegschule	Breiter Weg 57 - 67	22880	Wedel	29.10.2019
Pestalozzischule 	Im Autal 37	22880	Wedel	29.10.2019
Albert-Schweitzer-Schule	Pulverstraße 67 a	22880	Wedel	29.10.2019
Gebrüder-Humboldt-Schule	Rosengarten 18	22880	Wedel	29.10.2019
Grundschule Altstadt	Schulstraße 8	22880	Wedel	29.10.2019
Ernst-Barlach-Gemeinschaftsschule	Tinsdaler Weg 44	22880	Wedel	29.10.2019
Grundschule Munkbrarup	Hau 1	24999	Wees	26.11.2018
Norddörferschule Wenningstedt	Norderweg 2	25996	Wenningstedt-Braderup (Sylt)	Derzeit keine wirtschaftliche Realisierung möglich
Die Schule im Grünen	Achtern Höben 3	21465	Wentorf bei Hamburg	2020 Q4
Gymnasium Wentorf	Hohler Weg 16	21465	Wentorf bei Hamburg	2020 Q4
Grundschule Wentorf	Wohltorfer Weg 6	21465	Wentorf bei Hamburg	2020 Q4
Eider-Nordsee-Schule	Dohrnstraße 1	25764	Wesselburen	2023 Q4
Friedrich-Elvers-Schule	Dohrnstraße 1	25764	Wesselburen	2023 Q4
Grundschule Wesselburen 	Ekenesch 15	25764	Wesselburen	2023 Q4
Grundschule Wesseln	Holstenstraße 43	25746	Wesseln	2023 Q4
Grundschule Felde	Schulweg 10	24259	Westensee	2020 Q2
Schule am Ochsenweg	Am Sportplatz 4	24784	Westerrönfeld	2020 Q2
Grundschule Wewelsfleth	Schulstr. 3	25599	Wewelsfleth	2020 Q3
Grundschule Maienbeeck	Schulweg 4	24649	Wiemersdorf	2020 Q2
Förderzentrum Steinburg Süd-West	Am Schulzentrum 3	25554	Wilster	2020 Q2
Gemeinschaftsschule Wilstermarsch	Am Schulzentrum 3	25554	Wilster	2020 Q2
Wolfgang-Ratke-Schule	Landrecht 45	25554	Wilster	2020 Q2
Albert-Schweitzer-Schule	Mühlenberg 2 A	24398	Winnemark	in Planung
Grundschule Witzwort	Kirchenweg 2	25889	Witzwort	2021 Q4
Grundschule Wohltorf	Alter Knick 22	21521	Wohltorf	2020 Q2
Grundschule Wrist	Am Sportplatz	25563	Wrist	21.02.2019
Eilun Feer Skuul	Rebbelstieg 59	25938	Wyk auf Föhr	2020 Q2
Rüm-Hart-Schule	Süderstraße 24	25938	Wyk auf Föhr	2020 Q2
Dörfergemeinschaftsschule am Struckteich	Pöhlser Weg 18	23619	Zarpen	2021 Q1
